Transaction ID,Date,Customer ID,Gender,Age,Product Category,Quantity,Price per Unit,Total Amount
845,2023-01-02,CUST611,Male,26,Electronics,4,500,2000
846,2023-01-02,CUST113,Female,34,Clothing,4,50,200
381,2023-01-02,CUST117,Male,50,Clothing,4,500,2000
901,2023-01-02,CUST651,Male,23,Clothing,2,50,100
773,2023-01-02,CUST287,Female,45,Clothing,1,50,50
104,2023-01-03,CUST349,Male,44,Electronics,1,50,50
465,2023-01-03,CUST139,Male,39,Electronics,2,50,100
575,2023-01-03,CUST499,Male,42,Electronics,3,500,1500
707,2023-01-03,CUST288,Male,57,Clothing,2,25,50
303,2023-01-04,CUST124,Male,62,Electronics,1,300,300
801,2023-01-05,CUST087,Female,38,Beauty,3,300,900
790,2023-01-05,CUST690,Female,61,Clothing,3,30,90
410,2023-01-06,CUST496,Female,20,Beauty,2,30,60
839,2023-01-06,CUST195,Male,54,Electronics,4,500,2000
889,2023-01-06,CUST465,Male,57,Electronics,2,30,60
478,2023-01-07,CUST494,Male,55,Clothing,2,50,100
415,2023-01-07,CUST218,Male,29,Electronics,2,300,600
540,2023-01-08,CUST693,Male,47,Beauty,4,300,1200
300,2023-01-08,CUST592,Male,58,Electronics,1,500,500
233,2023-01-08,CUST210,Male,38,Beauty,3,50,150
369,2023-01-09,CUST465,Male,22,Beauty,4,30,120
170,2023-01-09,CUST003,Female,61,Clothing,3,300,900
821,2023-01-09,CUST429,Female,25,Clothing,3,25,75
272,2023-01-09,CUST300,Female,20,Clothing,3,50,150
454,2023-01-10,CUST549,Female,63,Beauty,3,30,90
429,2023-01-10,CUST021,Female,59,Clothing,4,300,1200
830,2023-01-11,CUST319,Male,36,Beauty,2,25,50
138,2023-01-12,CUST458,Female,57,Electronics,2,50,100
787,2023-01-12,CUST452,Female,51,Clothing,3,25,75
385,2023-01-12,CUST043,Male,47,Beauty,2,300,600
147,2023-01-13,CUST333,Female,59,Beauty,2,50,100
663,2023-01-13,CUST602,Male,37,Electronics,1,500,500
117,2023-01-14,CUST179,Female,42,Electronics,1,300,300
328,2023-01-14,CUST172,Female,49,Beauty,2,25,50
970,2023-01-14,CUST047,Female,35,Beauty,4,50,200
844,2023-01-14,CUST006,Male,58,Clothing,1,30,30
870,2023-01-15,CUST467,Male,41,Clothing,3,300,900
817,2023-01-16,CUST285,Female,42,Clothing,4,50,200
562,2023-01-16,CUST082,Female,21,Clothing,2,25,50
250,2023-01-16,CUST400,Male,49,Electronics,2,50,100
902,2023-01-16,CUST108,Female,37,Beauty,3,300,900
56,2023-01-16,CUST631,Female,25,Beauty,2,30,60
811,2023-01-17,CUST467,Female,41,Clothing,1,30,30
397,2023-01-17,CUST660,Female,40,Beauty,2,30,60
352,2023-01-17,CUST351,Male,59,Beauty,3,300,900
574,2023-01-18,CUST481,Female,63,Electronics,4,50,200
848,2023-01-19,CUST472,Male,61,Clothing,1,30,30
699,2023-01-19,CUST503,Male,21,Beauty,2,30,60
584,2023-01-19,CUST053,Female,33,Electronics,3,50,150
887,2023-01-20,CUST693,Female,33,Electronics,3,30,90
898,2023-01-20,CUST670,Male,59,Electronics,3,30,90
546,2023-01-20,CUST621,Female,49,Clothing,4,300,1200
542,2023-01-21,CUST114,Female,62,Electronics,3,300,900
858,2023-01-21,CUST256,Female,24,Clothing,3,25,75
150,2023-01-22,CUST382,Female,33,Beauty,2,25,50
619,2023-01-23,CUST632,Male,30,Beauty,3,30,90
279,2023-01-24,CUST265,Male,41,Electronics,3,500,1500
36,2023-01-24,CUST159,Male,26,Beauty,1,300,300
518,2023-01-25,CUST472,Female,61,Electronics,1,500,500
387,2023-01-25,CUST165,Male,55,Clothing,2,300,600
45,2023-01-25,CUST565,Female,57,Beauty,2,25,50
899,2023-01-26,CUST455,Female,58,Clothing,4,30,120
659,2023-01-27,CUST365,Female,47,Clothing,2,30,60
69,2023-01-28,CUST025,Male,47,Clothing,3,25,75
127,2023-01-29,CUST174,Male,59,Electronics,1,500,500
217,2023-01-29,CUST550,Male,46,Clothing,2,25,50
439,2023-01-30,CUST296,Male,45,Electronics,2,500,1000
246,2023-01-31,CUST160,Male,39,Clothing,2,500,1000
280,2023-01-31,CUST139,Male,43,Electronics,4,300,1200
431,2023-01-31,CUST673,Female,60,Beauty,4,25,100
678,2023-01-31,CUST260,Male,55,Clothing,3,300,900
7,2023-02-01,CUST348,Male,46,Clothing,2,50,100
753,2023-02-01,CUST084,Female,27,Beauty,4,300,1200
196,2023-02-01,CUST285,Male,59,Clothing,2,25,50
881,2023-02-01,CUST109,Male,34,Clothing,2,500,1000
1,2023-02-02,CUST139,Female,60,Electronics,2,500,1000
172,2023-02-02,CUST312,Male,55,Clothing,2,500,1000
728,2023-02-02,CUST073,Female,34,Clothing,4,50,200
695,2023-02-02,CUST411,Male,47,Electronics,3,50,150
33,2023-02-03,CUST252,Female,61,Clothing,2,50,100
910,2023-02-03,CUST362,Female,21,Electronics,3,500,1500
826,2023-02-03,CUST373,Female,58,Electronics,2,500,1000
133,2023-02-03,CUST334,Female,54,Beauty,3,300,900
359,2023-02-03,CUST047,Male,59,Clothing,3,25,75
581,2023-02-04,CUST377,Male,18,Beauty,1,300,300
791,2023-02-04,CUST513,Female,62,Clothing,1,25,25
951,2023-02-04,CUST280,Female,47,Electronics,2,50,100
376,2023-02-04,CUST470,Female,62,Electronics,3,300,900
977,2023-02-04,CUST652,Female,20,Clothing,3,300,900
10,2023-02-04,CUST194,Male,51,Beauty,1,300,300
674,2023-02-04,CUST455,Female,50,Electronics,4,30,120
243,2023-02-04,CUST636,Female,29,Electronics,4,500,2000
700,2023-02-04,CUST264,Male,31,Electronics,1,500,500
218,2023-02-05,CUST466,Male,27,Beauty,2,30,60
87,2023-02-05,CUST581,Male,38,Beauty,2,25,50
588,2023-02-06,CUST691,Male,25,Electronics,2,300,600
891,2023-02-06,CUST521,Male,28,Electronics,4,300,1200
258,2023-02-07,CUST202,Female,48,Electronics,1,30,30
580,2023-02-07,CUST270,Male,50,Clothing,2,25,50
516,2023-02-08,CUST489,Male,31,Beauty,4,300,1200
171,2023-02-08,CUST421,Female,60,Beauty,2,50,100
583,2023-02-08,CUST497,Female,50,Electronics,1,30,30
460,2023-02-08,CUST625,Male,53,Clothing,3,30,90
818,2023-02-08,CUST646,Female,43,Beauty,2,300,600
310,2023-02-09,CUST317,Male,32,Electronics,3,500,1500
480,2023-02-09,CUST403,Male,38,Beauty,3,300,900
322,2023-02-09,CUST588,Female,27,Clothing,2,25,50
808,2023-02-10,CUST697,Female,42,Electronics,4,30,120
501,2023-02-11,CUST662,Male,58,Beauty,3,25,75
120,2023-02-11,CUST022,Male,42,Beauty,1,300,300
873,2023-02-11,CUST516,Female,39,Clothing,1,500,500
538,2023-02-12,CUST588,Female,49,Clothing,3,25,75
365,2023-02-12,CUST191,Female,64,Beauty,3,25,75
726,2023-02-12,CUST223,Female,49,Electronics,2,500,1000
198,2023-02-13,CUST659,Male,62,Clothing,1,500,500
313,2023-02-13,CUST146,Male,41,Electronics,2,500,1000
724,2023-02-13,CUST368,Male,19,Clothing,1,500,500
946,2023-02-13,CUST090,Female,42,Clothing,3,300,900
863,2023-02-13,CUST404,Male,55,Clothing,4,30,120
778,2023-02-13,CUST076,Male,61,Beauty,3,300,900
497,2023-02-13,CUST539,Female,53,Clothing,2,25,50
783,2023-02-14,CUST618,Male,57,Clothing,2,25,50
418,2023-02-14,CUST120,Male,38,Beauty,1,300,300
784,2023-02-14,CUST686,Female,49,Clothing,4,300,1200
386,2023-02-14,CUST613,Female,22,Clothing,3,30,90
874,2023-02-15,CUST225,Male,34,Electronics,3,50,150
436,2023-02-15,CUST693,Male,55,Beauty,4,50,200
759,2023-02-16,CUST376,Male,56,Clothing,2,25,50
157,2023-02-16,CUST650,Male,52,Electronics,3,500,1500
18,2023-02-16,CUST373,Male,50,Electronics,1,30,30
221,2023-02-16,CUST212,Male,34,Clothing,1,300,300
74,2023-02-17,CUST547,Female,28,Electronics,4,500,2000
945,2023-02-17,CUST178,Female,64,Beauty,1,25,25
705,2023-02-17,CUST218,Female,62,Beauty,3,300,900
434,2023-02-17,CUST352,Male,52,Electronics,1,50,50
948,2023-02-18,CUST651,Male,27,Clothing,3,30,90
443,2023-02-18,CUST645,Female,44,Beauty,3,30,90
670,2023-02-18,CUST479,Male,31,Beauty,2,25,50
414,2023-02-18,CUST624,Male,33,Electronics,3,30,90
823,2023-02-19,CUST610,Female,19,Beauty,4,50,200
604,2023-02-19,CUST345,Male,27,Electronics,4,300,1200
721,2023-02-20,CUST686,Female,18,Beauty,3,50,150
682,2023-02-20,CUST551,Male,50,Beauty,1,25,25
306,2023-02-21,CUST569,Male,32,Beauty,4,30,120
462,2023-02-21,CUST002,Male,62,Clothing,2,500,1000
329,2023-02-21,CUST129,Male,36,Electronics,1,50,50
620,2023-02-21,CUST116,Male,55,Electronics,4,30,120
118,2023-02-21,CUST325,Male,47,Clothing,1,300,300
769,2023-02-21,CUST329,Female,31,Clothing,1,500,500
241,2023-02-21,CUST246,Female,41,Beauty,2,25,50
100,2023-02-21,CUST206,Male,58,Clothing,2,30,60
924,2023-02-22,CUST678,Female,24,Clothing,3,50,150
408,2023-02-22,CUST568,Female,50,Beauty,1,50,50
834,2023-02-22,CUST171,Female,42,Electronics,1,300,300
528,2023-02-22,CUST221,Male,29,Clothing,1,25,25
256,2023-02-22,CUST240,Male,49,Beauty,2,25,50
975,2023-02-23,CUST674,Male,24,Clothing,4,25,100
522,2023-02-23,CUST457,Male,64,Electronics,3,50,150
752,2023-02-23,CUST152,Male,37,Beauty,1,300,300
457,2023-02-24,CUST112,Male,44,Electronics,3,500,1500
938,2023-02-24,CUST402,Male,38,Clothing,3,50,150
357,2023-02-25,CUST486,Female,32,Electronics,4,30,120
390,2023-02-25,CUST612,Female,53,Electronics,3,300,900
182,2023-02-25,CUST537,Female,55,Beauty,2,25,50
273,2023-02-25,CUST169,Female,44,Clothing,4,300,1200
58,2023-02-26,CUST580,Female,57,Clothing,3,25,75
536,2023-02-26,CUST473,Female,33,Clothing,3,25,75
961,2023-02-26,CUST122,Male,35,Electronics,2,500,1000
884,2023-02-26,CUST156,Male,26,Electronics,1,50,50
533,2023-02-26,CUST354,Male,57,Clothing,3,25,75
750,2023-02-27,CUST083,Female,64,Electronics,2,500,1000
847,2023-02-27,CUST085,Male,30,Clothing,4,300,1200
937,2023-02-27,CUST112,Male,26,Beauty,4,50,200
178,2023-02-28,CUST316,Female,54,Clothing,3,30,90
83,2023-02-28,CUST001,Male,52,Beauty,4,30,120
287,2023-02-28,CUST201,Male,48,Electronics,3,30,90
467,2023-03-02,CUST024,Male,49,Electronics,4,300,1200
168,2023-03-02,CUST137,Female,51,Electronics,1,50,50
350,2023-03-02,CUST407,Female,55,Electronics,2,500,1000
532,2023-03-02,CUST661,Male,55,Electronics,1,30,30
41,2023-03-02,CUST246,Male,42,Electronics,2,50,100
623,2023-03-02,CUST141,Female,57,Electronics,4,50,200
187,2023-03-02,CUST604,Male,40,Clothing,2,300,600
703,2023-03-03,CUST194,Female,41,Electronics,3,30,90
685,2023-03-03,CUST381,Male,42,Beauty,3,300,900
704,2023-03-04,CUST302,Male,31,Electronics,4,500,2000
262,2023-03-04,CUST058,Male,23,Beauty,1,30,30
411,2023-03-05,CUST016,Female,21,Electronics,1,30,30
908,2023-03-05,CUST639,Male,51,Beauty,4,300,1200
259,2023-03-05,CUST468,Female,24,Beauty,3,50,150
544,2023-03-05,CUST559,Female,63,Electronics,3,500,1500
230,2023-03-06,CUST190,Male,46,Clothing,1,500,500
761,2023-03-06,CUST088,Male,34,Beauty,4,25,100
661,2023-03-06,CUST091,Male,46,Beauty,4,50,200
392,2023-03-07,CUST116,Male,37,Electronics,4,300,1200
349,2023-03-07,CUST217,Male,61,Beauty,4,25,100
251,2023-03-07,CUST105,Female,34,Beauty,2,30,60
23,2023-03-08,CUST478,Male,46,Beauty,3,30,90
469,2023-03-08,CUST387,Female,60,Clothing,4,50,200
635,2023-03-08,CUST536,Female,21,Electronics,1,500,500
564,2023-03-08,CUST073,Male,57,Clothing,1,300,300
912,2023-03-08,CUST236,Female,45,Electronics,3,500,1500
253,2023-03-10,CUST500,Male,54,Beauty,4,25,100
72,2023-03-11,CUST410,Female,55,Electronics,4,50,200
888,2023-03-12,CUST118,Male,46,Clothing,3,25,75
523,2023-03-12,CUST526,Male,40,Electronics,3,500,1500
398,2023-03-13,CUST275,Male,19,Beauty,2,300,600
993,2023-03-13,CUST577,Male,49,Clothing,4,25,100
52,2023-03-13,CUST106,Male,38,Beauty,2,25,50
543,2023-03-13,CUST210,Male,35,Electronics,4,30,120
426,2023-03-14,CUST175,Female,64,Beauty,4,300,1200
838,2023-03-14,CUST025,Male,49,Clothing,1,50,50
102,2023-03-14,CUST380,Female,58,Electronics,4,30,120
653,2023-03-15,CUST040,Female,31,Beauty,2,30,60
224,2023-03-15,CUST573,Male,33,Electronics,3,500,1500
339,2023-03-15,CUST273,Female,23,Clothing,3,500,1500
872,2023-03-15,CUST330,Female,30,Electronics,4,30,120
664,2023-03-15,CUST316,Male,47,Beauty,2,300,600
9,2023-03-15,CUST501,Male,63,Clothing,1,300,300
735,2023-03-18,CUST456,Male,18,Beauty,4,30,120
142,2023-03-20,CUST012,Male,53,Electronics,4,50,200
903,2023-03-21,CUST066,Female,33,Electronics,3,300,900
964,2023-03-21,CUST195,Female,38,Clothing,1,30,30
363,2023-03-23,CUST408,Female,18,Electronics,2,30,60
976,2023-03-24,CUST384,Female,39,Clothing,4,300,1200
78,2023-03-24,CUST009,Male,25,Clothing,3,500,1500
32,2023-03-24,CUST585,Female,53,Electronics,3,50,150
412,2023-03-25,CUST328,Male,25,Electronics,3,500,1500
567,2023-03-25,CUST155,Male,37,Clothing,3,50,150
486,2023-03-26,CUST123,Female,58,Electronics,2,30,60
326,2023-03-26,CUST276,Male,59,Beauty,2,300,600
626,2023-03-26,CUST485,Female,44,Clothing,2,300,600
637,2023-03-27,CUST179,Male,24,Clothing,4,50,200
148,2023-03-27,CUST578,Female,38,Clothing,4,500,2000
327,2023-03-28,CUST396,Male,29,Clothing,4,25,100
510,2023-03-28,CUST617,Male,39,Clothing,4,30,120
719,2023-03-28,CUST005,Male,38,Electronics,2,300,600
566,2023-03-28,CUST446,Male,61,Electronics,2,50,100
854,2023-03-29,CUST479,Male,43,Clothing,1,30,30
97,2023-03-29,CUST431,Female,25,Electronics,3,30,90
593,2023-03-29,CUST369,Male,43,Beauty,1,300,300
832,2023-03-29,CUST109,Male,32,Clothing,1,30,30
384,2023-03-29,CUST267,Male,46,Clothing,3,500,1500
189,2023-03-29,CUST572,Male,30,Electronics,1,30,30
989,2023-03-31,CUST607,Male,18,Electronics,4,50,200
315,2023-03-31,CUST286,Female,59,Beauty,4,30,120
831,2023-03-31,CUST231,Female,26,Electronics,2,500,1000
857,2023-03-31,CUST332,Female,22,Clothing,4,30,120
119,2023-03-31,CUST611,Female,38,Beauty,1,25,25
925,2023-04-01,CUST638,Male,24,Clothing,2,300,600
508,2023-04-01,CUST057,Male,53,Clothing,3,500,1500
617,2023-04-02,CUST558,Male,46,Beauty,2,25,50
568,2023-04-02,CUST246,Male,28,Electronics,3,30,90
483,2023-04-02,CUST211,Female,39,Electronics,4,500,2000
919,2023-04-03,CUST477,Male,20,Electronics,4,30,120
696,2023-04-03,CUST045,Female,51,Beauty,4,50,200
933,2023-04-04,CUST237,Male,37,Beauty,4,50,200
346,2023-04-04,CUST279,Female,31,Electronics,3,500,1500
211,2023-04-06,CUST072,Male,54,Electronics,1,500,500
380,2023-04-06,CUST358,Male,35,Clothing,4,30,120
209,2023-04-07,CUST343,Male,38,Clothing,1,50,50
618,2023-04-08,CUST129,Female,61,Electronics,3,50,150
206,2023-04-08,CUST320,Female,41,Clothing,4,300,1200
292,2023-04-08,CUST617,Female,53,Clothing,4,50,200
779,2023-04-09,CUST495,Male,37,Electronics,1,500,500
509,2023-04-09,CUST397,Female,47,Electronics,2,30,60
890,2023-04-09,CUST199,Female,26,Beauty,2,300,600
744,2023-04-09,CUST320,Male,27,Beauty,2,30,60
216,2023-04-10,CUST163,Female,29,Beauty,4,30,120
281,2023-04-11,CUST499,Male,48,Beauty,2,25,50
143,2023-04-11,CUST461,Female,64,Beauty,1,30,30
505,2023-04-11,CUST373,Male,53,Clothing,1,25,25
111,2023-04-12,CUST384,Female,19,Clothing,1,50,50
950,2023-04-12,CUST354,Female,21,Beauty,2,25,50
39,2023-04-12,CUST696,Male,56,Beauty,2,30,60
413,2023-04-12,CUST355,Male,49,Electronics,2,30,60
152,2023-04-13,CUST434,Female,36,Electronics,3,30,90
314,2023-04-13,CUST276,Male,25,Clothing,1,30,30
399,2023-04-13,CUST655,Female,19,Beauty,1,25,25
534,2023-04-14,CUST312,Male,42,Electronics,4,500,2000
573,2023-04-14,CUST167,Male,27,Clothing,2,300,600
299,2023-04-14,CUST119,Male,38,Electronics,1,300,300
814,2023-04-14,CUST677,Female,56,Beauty,3,30,90
450,2023-04-15,CUST118,Male,56,Clothing,4,50,200
481,2023-04-16,CUST692,Female,48,Electronics,2,500,1000
841,2023-04-16,CUST544,Male,40,Beauty,4,300,1200
660,2023-04-16,CUST515,Male,47,Electronics,2,50,100
495,2023-04-16,CUST542,Male,58,Electronics,2,500,1000
96,2023-04-16,CUST121,Female,64,Beauty,3,300,900
855,2023-04-16,CUST288,Female,53,Electronics,1,50,50
342,2023-04-17,CUST430,Female,34,Electronics,2,50,100
796,2023-04-18,CUST143,Male,36,Clothing,1,30,30
154,2023-04-18,CUST488,Male,56,Beauty,4,300,1200
271,2023-04-18,CUST130,Female,32,Beauty,4,25,100
638,2023-04-19,CUST304,Male,50,Clothing,2,50,100
419,2023-04-19,CUST391,Female,59,Clothing,3,25,75
263,2023-04-20,CUST412,Male,53,Beauty,2,50,100
928,2023-04-20,CUST414,Male,30,Beauty,3,25,75
353,2023-04-20,CUST085,Male,35,Electronics,3,30,90
442,2023-04-20,CUST359,Male,47,Electronics,2,30,60
971,2023-04-20,CUST522,Male,28,Electronics,4,50,200
190,2023-04-21,CUST207,Male,20,Clothing,4,500,2000
802,2023-04-21,CUST269,Male,24,Clothing,3,50,150
307,2023-04-21,CUST276,Female,43,Electronics,3,50,150
136,2023-04-21,CUST070,Male,40,Beauty,4,25,100
952,2023-04-22,CUST573,Male,27,Clothing,1,30,30
226,2023-04-22,CUST345,Female,46,Beauty,1,300,300
239,2023-04-23,CUST639,Female,31,Clothing,4,500,2000
333,2023-04-24,CUST274,Male,33,Clothing,4,30,120
526,2023-04-24,CUST071,Male,22,Clothing,2,30,60
400,2023-04-24,CUST609,Female,38,Clothing,3,300,900
749,2023-04-25,CUST645,Male,45,Electronics,4,500,2000
88,2023-04-25,CUST175,Male,28,Clothing,4,25,100
447,2023-04-25,CUST467,Male,24,Electronics,2,50,100
748,2023-04-25,CUST175,Male,23,Beauty,2,300,600
968,2023-04-26,CUST424,Female,29,Beauty,2,25,50
799,2023-04-26,CUST394,Male,43,Electronics,2,30,60
309,2023-04-26,CUST047,Male,53,Clothing,4,25,100
988,2023-04-26,CUST384,Female,33,Clothing,4,25,100
368,2023-04-26,CUST408,Male,40,Electronics,1,50,50
338,2023-04-26,CUST402,Male,35,Electronics,2,30,60
403,2023-04-27,CUST471,Male,22,Beauty,2,25,50
525,2023-04-27,CUST429,Male,36,Electronics,4,50,200
554,2023-04-27,CUST454,Male,51,Beauty,3,50,150
321,2023-04-28,CUST221,Female,28,Beauty,3,25,75
607,2023-04-28,CUST316,Female,41,Beauty,1,30,30
595,2023-04-28,CUST595,Female,41,Clothing,3,30,90
167,2023-04-28,CUST505,Male,45,Electronics,2,300,600
66,2023-04-29,CUST483,Male,40,Electronics,2,300,600
632,2023-04-30,CUST391,Male,36,Clothing,2,50,100
646,2023-04-30,CUST038,Female,43,Clothing,2,50,100
77,2023-05-01,CUST231,Male,56,Electronics,4,30,120
254,2023-05-01,CUST392,Female,59,Clothing,2,30,60
294,2023-05-02,CUST510,Female,34,Beauty,1,30,30
738,2023-05-02,CUST651,Male,47,Clothing,2,50,100
487,2023-05-02,CUST149,Female,55,Clothing,3,30,90
371,2023-05-03,CUST548,Female,53,Electronics,3,500,1500
169,2023-05-03,CUST247,Female,36,Beauty,3,300,900
199,2023-05-04,CUST398,Male,29,Electronics,4,500,2000
627,2023-05-04,CUST293,Female,28,Clothing,1,300,300
991,2023-05-06,CUST035,Female,29,Beauty,3,300,900
197,2023-05-06,CUST655,Female,32,Electronics,3,30,90
268,2023-05-07,CUST441,Male,37,Beauty,4,50,200
139,2023-05-07,CUST057,Male,28,Electronics,4,50,200
979,2023-05-09,CUST144,Female,40,Clothing,4,50,200
44,2023-05-10,CUST394,Female,58,Electronics,1,300,300
521,2023-05-11,CUST306,Male,25,Electronics,4,500,2000
765,2023-05-12,CUST220,Male,39,Clothing,2,50,100
998,2023-05-12,CUST685,Male,33,Clothing,4,500,2000
53,2023-05-13,CUST673,Male,49,Beauty,4,300,1200
301,2023-05-13,CUST047,Male,53,Electronics,2,300,600
746,2023-05-13,CUST015,Female,23,Beauty,2,300,600
194,2023-05-13,CUST063,Male,58,Clothing,1,25,25
63,2023-05-14,CUST431,Male,64,Electronics,3,50,150
201,2023-05-14,CUST305,Female,50,Beauty,3,300,900
630,2023-05-14,CUST020,Male,38,Electronics,2,500,1000
393,2023-05-15,CUST560,Male,31,Beauty,1,300,300
628,2023-05-15,CUST028,Female,20,Electronics,1,30,30
68,2023-05-16,CUST012,Male,25,Beauty,2,50,100
22,2023-05-16,CUST324,Male,63,Clothing,1,25,25
332,2023-05-16,CUST564,Female,37,Clothing,2,500,1000
909,2023-05-16,CUST557,Male,23,Electronics,4,30,120
498,2023-05-17,CUST348,Female,32,Beauty,2,30,60
374,2023-05-17,CUST167,Female,34,Clothing,4,50,200
576,2023-05-17,CUST377,Male,24,Clothing,4,300,1200
913,2023-05-18,CUST482,Male,27,Electronics,1,30,30
770,2023-05-18,CUST384,Male,63,Clothing,1,30,30
634,2023-05-19,CUST198,Female,38,Electronics,1,500,500
379,2023-05-19,CUST340,Female,34,Clothing,1,500,500
188,2023-05-20,CUST087,Female,22,Electronics,1,50,50
758,2023-05-20,CUST370,Male,18,Electronics,1,300,300
614,2023-05-21,CUST230,Male,49,Electronics,3,30,90
94,2023-05-22,CUST678,Male,40,Clothing,2,30,60
809,2023-05-23,CUST338,Male,22,Beauty,2,50,100
552,2023-05-24,CUST248,Female,41,Beauty,1,50,50
440,2023-05-26,CUST389,Male,40,Beauty,2,300,600
957,2023-05-27,CUST153,Male,50,Beauty,1,50,50
27,2023-05-27,CUST178,Male,29,Electronics,1,30,30
942,2023-05-28,CUST328,Male,62,Beauty,2,30,60
585,2023-05-28,CUST322,Female,18,Electronics,3,500,1500
687,2023-05-29,CUST531,Male,21,Clothing,4,25,100
164,2023-05-29,CUST585,Male,55,Beauty,1,30,30
163,2023-05-30,CUST201,Male,47,Beauty,3,25,75
962,2023-05-30,CUST429,Male,22,Clothing,3,500,1500
65,2023-05-30,CUST360,Male,19,Clothing,4,300,1200
373,2023-05-30,CUST252,Female,45,Electronics,1,50,50
144,2023-05-30,CUST390,Female,24,Beauty,2,50,100
907,2023-05-31,CUST328,Male,53,Electronics,2,300,600
496,2023-05-31,CUST131,Female,59,Clothing,3,50,150
960,2023-05-31,CUST612,Female,48,Clothing,4,30,120
572,2023-06-01,CUST484,Female,61,Clothing,1,500,500
248,2023-06-01,CUST652,Male,57,Clothing,1,25,25
972,2023-06-02,CUST169,Female,21,Beauty,2,300,600
464,2023-06-02,CUST209,Male,60,Beauty,3,25,75
425,2023-06-02,CUST211,Female,63,Beauty,2,50,100
929,2023-06-02,CUST080,Female,61,Electronics,1,300,300
275,2023-06-02,CUST430,Female,21,Beauty,1,25,25
624,2023-06-02,CUST611,Female,24,Beauty,1,30,30
165,2023-06-02,CUST249,Male,47,Clothing,3,25,75
732,2023-06-02,CUST087,Male,33,Clothing,3,500,1500
777,2023-06-04,CUST279,Female,57,Beauty,2,50,100
500,2023-06-05,CUST024,Male,27,Beauty,2,30,60
954,2023-06-06,CUST458,Female,20,Electronics,1,50,50
547,2023-06-06,CUST108,Female,49,Beauty,3,30,90
238,2023-06-07,CUST576,Male,33,Clothing,1,500,500
994,2023-06-07,CUST458,Female,22,Electronics,3,50,150
795,2023-06-07,CUST283,Female,19,Clothing,2,500,1000
473,2023-06-07,CUST559,Male,28,Beauty,2,50,100
621,2023-06-08,CUST016,Male,62,Electronics,3,500,1500
633,2023-06-08,CUST365,Male,64,Beauty,2,25,50
435,2023-06-08,CUST368,Female,37,Electronics,3,30,90
354,2023-06-08,CUST331,Female,33,Electronics,2,300,600
5,2023-06-08,CUST541,Male,36,Clothing,4,300,1200
155,2023-06-08,CUST560,Male,37,Electronics,1,30,30
407,2023-06-08,CUST511,Female,64,Clothing,2,30,60
91,2023-06-08,CUST621,Male,48,Electronics,3,50,150
756,2023-06-09,CUST281,Female,62,Electronics,3,50,150
140,2023-06-09,CUST696,Male,32,Electronics,3,50,150
82,2023-06-09,CUST355,Male,59,Clothing,2,500,1000
121,2023-06-10,CUST571,Male,42,Electronics,3,300,900
298,2023-06-10,CUST465,Female,29,Beauty,4,300,1200
4,2023-06-10,CUST478,Female,44,Clothing,2,500,1000
935,2023-06-11,CUST586,Male,49,Beauty,2,25,50
800,2023-06-11,CUST294,Female,27,Clothing,3,25,75
285,2023-06-11,CUST694,Male,23,Electronics,1,50,50
30,2023-06-11,CUST163,Male,61,Clothing,2,500,1000
689,2023-06-12,CUST531,Female,19,Beauty,1,300,300
186,2023-06-12,CUST457,Female,55,Clothing,3,500,1500
869,2023-06-12,CUST647,Female,46,Beauty,4,25,100
923,2023-06-12,CUST459,Male,42,Clothing,3,50,150
47,2023-06-12,CUST540,Male,45,Clothing,2,300,600
219,2023-06-13,CUST037,Male,29,Electronics,3,500,1500
883,2023-06-13,CUST583,Female,61,Clothing,2,50,100
267,2023-06-13,CUST380,Female,54,Beauty,2,50,100
31,2023-06-14,CUST222,Female,59,Electronics,3,300,900
214,2023-06-14,CUST430,Male,24,Electronics,3,500,1500
20,2023-06-14,CUST449,Female,31,Electronics,3,300,900
506,2023-06-15,CUST586,Male,39,Clothing,2,500,1000
833,2023-06-15,CUST575,Male,36,Clothing,2,500,1000
792,2023-06-15,CUST062,Female,47,Electronics,4,30,120
537,2023-06-16,CUST039,Male,28,Clothing,1,25,25
222,2023-06-16,CUST620,Male,48,Clothing,3,30,90
205,2023-06-16,CUST366,Male,18,Beauty,2,30,60
871,2023-06-16,CUST551,Male,21,Beauty,1,25,25
798,2023-06-17,CUST436,Female,24,Beauty,1,25,25
916,2023-06-17,CUST009,Female,62,Electronics,1,30,30
114,2023-06-17,CUST018,Female,41,Electronics,4,500,2000
335,2023-06-17,CUST425,Male,33,Electronics,4,30,120
905,2023-06-17,CUST132,Female,47,Beauty,1,300,300
647,2023-06-18,CUST615,Male,44,Electronics,3,300,900
612,2023-06-18,CUST172,Male,25,Clothing,2,300,600
939,2023-06-18,CUST694,Female,21,Electronics,2,300,600
176,2023-06-18,CUST117,Male,40,Clothing,2,50,100
73,2023-06-18,CUST123,Female,46,Clothing,4,30,120
485,2023-06-18,CUST373,Female,19,Beauty,2,30,60
231,2023-06-19,CUST095,Male,45,Clothing,1,500,500
474,2023-06-20,CUST127,Female,29,Electronics,1,500,500
710,2023-06-20,CUST530,Male,46,Clothing,2,500,1000
54,2023-06-20,CUST639,Male,23,Electronics,4,50,200
277,2023-06-20,CUST175,Male,30,Clothing,1,25,25
70,2023-06-21,CUST670,Female,51,Clothing,1,25,25
124,2023-06-21,CUST475,Male,41,Clothing,2,300,600
367,2023-06-21,CUST061,Female,52,Electronics,1,300,300
109,2023-06-22,CUST228,Female,31,Electronics,3,500,1500
290,2023-06-22,CUST204,Female,20,Clothing,2,25,50
709,2023-06-23,CUST375,Male,38,Beauty,4,30,120
519,2023-06-23,CUST397,Male,29,Beauty,3,50,150
944,2023-06-23,CUST455,Male,24,Beauty,4,300,1200
76,2023-06-23,CUST264,Male,45,Clothing,1,300,300
974,2023-06-23,CUST043,Female,28,Clothing,4,30,120
973,2023-06-24,CUST348,Male,38,Beauty,4,25,100
622,2023-06-24,CUST032,Female,44,Beauty,4,25,100
768,2023-06-24,CUST231,Female,39,Electronics,1,300,300
785,2023-06-24,CUST399,Male,40,Electronics,4,500,2000
644,2023-06-25,CUST475,Male,47,Electronics,1,50,50
276,2023-06-26,CUST147,Male,28,Electronics,4,500,2000
282,2023-06-27,CUST501,Male,30,Electronics,4,500,2000
651,2023-06-28,CUST650,Male,35,Beauty,2,25,50
729,2023-06-28,CUST291,Male,28,Electronics,1,50,50
444,2023-06-28,CUST565,Female,42,Clothing,2,30,60
718,2023-06-29,CUST523,Female,51,Clothing,4,30,120
563,2023-06-29,CUST551,Male,41,Beauty,1,30,30
284,2023-06-29,CUST532,Male,19,Clothing,2,25,50
235,2023-06-29,CUST264,Female,34,Beauty,2,50,100
252,2023-06-30,CUST296,Male,44,Clothing,2,300,600
203,2023-06-30,CUST585,Male,30,Beauty,2,300,600
185,2023-06-30,CUST546,Male,28,Clothing,1,300,300
183,2023-07-01,CUST446,Male,20,Beauty,1,50,50
55,2023-07-01,CUST035,Female,61,Beauty,1,300,300
180,2023-07-02,CUST282,Female,31,Clothing,2,25,50
21,2023-07-02,CUST616,Male,42,Electronics,1,50,50
405,2023-07-02,CUST018,Female,37,Electronics,2,50,100
453,2023-07-02,CUST590,Female,58,Beauty,2,30,60
406,2023-07-02,CUST272,Female,44,Electronics,4,50,200
667,2023-07-03,CUST142,Male,44,Electronics,2,300,600
556,2023-07-04,CUST360,Female,21,Electronics,1,50,50
876,2023-07-04,CUST061,Male,48,Beauty,3,50,150
420,2023-07-04,CUST450,Male,52,Clothing,1,30,30
629,2023-07-04,CUST311,Male,51,Electronics,4,500,2000
115,2023-07-04,CUST167,Male,43,Beauty,2,30,60
159,2023-07-04,CUST097,Female,25,Clothing,1,300,300
445,2023-07-05,CUST176,Male,49,Clothing,3,500,1500
940,2023-07-05,CUST129,Female,24,Electronics,2,300,600
897,2023-07-05,CUST015,Male,58,Clothing,4,50,200
1000,2023-07-07,CUST069,Female,26,Electronics,2,300,600
608,2023-07-07,CUST417,Female,26,Clothing,2,300,600
344,2023-07-07,CUST313,Female,46,Clothing,2,300,600
17,2023-07-07,CUST040,Male,46,Clothing,2,50,100
549,2023-07-08,CUST154,Female,40,Electronics,3,50,150
803,2023-07-08,CUST306,Female,52,Electronics,1,500,500
717,2023-07-08,CUST140,Female,49,Clothing,4,30,120
701,2023-07-09,CUST436,Female,42,Clothing,4,25,100
366,2023-07-09,CUST108,Male,38,Electronics,4,300,1200
679,2023-07-10,CUST428,Female,38,Beauty,3,50,150
893,2023-07-10,CUST088,Male,33,Beauty,1,30,30
712,2023-07-10,CUST657,Male,28,Electronics,4,500,2000
449,2023-07-10,CUST300,Male,51,Electronics,3,300,900
296,2023-07-10,CUST559,Female,36,Clothing,4,300,1200
578,2023-07-11,CUST654,Male,34,Clothing,1,500,500
997,2023-07-12,CUST598,Male,51,Electronics,3,30,90
11,2023-07-12,CUST591,Male,19,Beauty,2,30,60
507,2023-07-13,CUST076,Female,25,Electronics,2,500,1000
488,2023-07-13,CUST535,Male,42,Beauty,2,300,600
995,2023-07-13,CUST093,Female,57,Clothing,3,50,150
747,2023-07-14,CUST303,Male,56,Clothing,4,50,200
656,2023-07-14,CUST154,Female,33,Beauty,1,30,30
351,2023-07-14,CUST159,Male,54,Beauty,3,25,75
648,2023-07-15,CUST669,Female,19,Electronics,1,300,300
561,2023-07-15,CUST333,Female,49,Electronics,2,30,60
606,2023-07-15,CUST043,Male,32,Electronics,2,30,60
931,2023-07-16,CUST648,Male,33,Electronics,1,300,300
927,2023-07-17,CUST520,Male,64,Beauty,2,50,100
289,2023-07-17,CUST186,Male,38,Electronics,4,30,120
877,2023-07-17,CUST640,Male,37,Electronics,2,300,600
539,2023-07-17,CUST571,Male,31,Clothing,4,50,200
305,2023-07-18,CUST164,Male,60,Beauty,3,25,75
917,2023-07-18,CUST228,Male,49,Clothing,1,25,25
807,2023-07-18,CUST299,Male,29,Clothing,2,25,50
789,2023-07-18,CUST381,Male,57,Clothing,2,500,1000
295,2023-07-18,CUST645,Male,29,Beauty,4,25,100
229,2023-07-19,CUST061,Male,61,Clothing,2,300,600
331,2023-07-19,CUST394,Male,29,Clothing,1,300,300
983,2023-07-19,CUST649,Female,43,Clothing,1,300,300
57,2023-07-19,CUST663,Male,35,Beauty,4,300,1200
29,2023-07-19,CUST491,Female,38,Electronics,3,30,90
879,2023-07-20,CUST459,Female,55,Clothing,3,25,75
992,2023-07-20,CUST331,Female,18,Electronics,3,500,1500
762,2023-07-21,CUST114,Male,51,Clothing,4,50,200
655,2023-07-21,CUST172,Male,24,Clothing,1,300,300
330,2023-07-22,CUST344,Female,29,Beauty,4,300,1200
113,2023-07-22,CUST694,Male,62,Electronics,1,30,30
132,2023-07-22,CUST277,Male,56,Electronics,4,50,200
755,2023-07-22,CUST101,Female,25,Beauty,1,25,25
308,2023-07-22,CUST521,Male,27,Beauty,4,25,100
34,2023-07-22,CUST102,Female,46,Clothing,2,25,50
456,2023-07-22,CUST096,Male,29,Electronics,1,500,500
158,2023-07-23,CUST086,Female,53,Beauty,2,300,600
134,2023-07-24,CUST029,Male,58,Clothing,3,25,75
706,2023-07-26,CUST570,Male,35,Beauty,1,50,50
126,2023-07-26,CUST522,Male,60,Clothing,3,500,1500
131,2023-07-26,CUST226,Male,33,Electronics,1,50,50
980,2023-07-26,CUST427,Male,64,Clothing,3,25,75
79,2023-07-26,CUST565,Female,28,Electronics,1,30,30
437,2023-07-27,CUST283,Female,56,Electronics,3,50,150
116,2023-07-27,CUST184,Male,61,Electronics,2,50,100
922,2023-07-28,CUST558,Male,32,Clothing,4,300,1200
708,2023-07-28,CUST225,Male,36,Clothing,3,300,900
570,2023-07-28,CUST152,Male,42,Clothing,1,30,30
288,2023-07-28,CUST604,Male,26,Clothing,4,30,120
978,2023-07-28,CUST113,Male,64,Electronics,1,500,500
129,2023-07-29,CUST474,Male,31,Clothing,3,50,150
535,2023-07-30,CUST062,Female,28,Clothing,1,25,25
930,2023-07-30,CUST180,Female,34,Clothing,1,300,300
597,2023-07-31,CUST374,Female,48,Beauty,4,30,120
677,2023-07-31,CUST366,Female,53,Clothing,3,30,90
228,2023-07-31,CUST541,Female,59,Beauty,3,30,90
424,2023-08-01,CUST173,Female,53,Clothing,2,30,60
266,2023-08-01,CUST621,Male,46,Beauty,4,50,200
242,2023-08-02,CUST614,Male,47,Beauty,2,25,50
260,2023-08-03,CUST169,Female,26,Clothing,1,50,50
985,2023-08-03,CUST099,Female,51,Clothing,1,500,500
966,2023-08-03,CUST070,Female,45,Electronics,1,500,500
786,2023-08-03,CUST432,Female,42,Electronics,2,300,600
981,2023-08-04,CUST423,Male,59,Clothing,4,50,200
270,2023-08-04,CUST365,Female,45,Clothing,3,500,1500
548,2023-08-04,CUST035,Female,56,Electronics,4,500,2000
698,2023-08-04,CUST537,Female,29,Electronics,1,50,50
688,2023-08-05,CUST172,Male,46,Electronics,2,500,1000
915,2023-08-05,CUST367,Male,24,Beauty,4,300,1200
520,2023-08-05,CUST368,Male,25,Clothing,2,500,1000
455,2023-08-06,CUST216,Male,46,Electronics,3,500,1500
468,2023-08-06,CUST234,Male,45,Beauty,4,30,120
531,2023-08-07,CUST414,Male,37,Clothing,1,30,30
394,2023-08-07,CUST573,Female,32,Beauty,1,25,25
720,2023-08-07,CUST321,Female,21,Beauty,1,30,30
665,2023-08-07,CUST383,Female,54,Beauty,2,50,100
967,2023-08-08,CUST502,Female,27,Clothing,1,300,300
494,2023-08-09,CUST145,Male,29,Beauty,2,50,100
625,2023-08-09,CUST146,Female,59,Clothing,2,500,1000
137,2023-08-09,CUST321,Male,44,Electronics,4,300,1200
193,2023-08-10,CUST347,Male,44,Beauty,3,50,150
850,2023-08-10,CUST042,Male,27,Beauty,4,25,100
490,2023-08-10,CUST253,Male,22,Electronics,2,300,600
956,2023-08-12,CUST497,Female,24,Beauty,1,300,300
896,2023-08-12,CUST559,Female,22,Beauty,2,300,600
767,2023-08-12,CUST216,Female,59,Beauty,3,50,150
269,2023-08-12,CUST489,Male,40,Beauty,1,25,25
900,2023-08-13,CUST612,Female,31,Clothing,3,500,1500
601,2023-08-13,CUST236,Male,24,Beauty,4,30,120
323,2023-08-13,CUST483,Male,60,Beauty,2,300,600
702,2023-08-13,CUST266,Male,37,Clothing,1,30,30
672,2023-08-13,CUST450,Male,38,Electronics,3,30,90
953,2023-08-13,CUST136,Female,60,Electronics,4,300,1200
987,2023-08-14,CUST639,Female,57,Electronics,4,50,200
343,2023-08-15,CUST397,Female,57,Clothing,2,25,50
675,2023-08-15,CUST346,Female,64,Clothing,4,300,1200
825,2023-08-16,CUST362,Female,56,Clothing,2,50,100
240,2023-08-17,CUST631,Male,63,Clothing,1,25,25
996,2023-08-17,CUST147,Female,39,Clothing,1,30,30
880,2023-08-18,CUST008,Female,22,Clothing,4,25,100
245,2023-08-18,CUST246,Female,52,Clothing,2,300,600
85,2023-08-18,CUST364,Female,43,Electronics,3,50,150
599,2023-08-18,CUST527,Male,18,Electronics,4,50,200
192,2023-08-19,CUST639,Male,64,Electronics,2,300,600
40,2023-08-19,CUST151,Male,53,Electronics,2,30,60
743,2023-08-20,CUST623,Female,57,Clothing,2,500,1000
475,2023-08-20,CUST040,Male,40,Clothing,4,30,120
958,2023-08-20,CUST501,Female,41,Clothing,2,300,600
341,2023-08-20,CUST211,Male,59,Beauty,1,50,50
458,2023-08-20,CUST276,Female,51,Clothing,1,25,25
658,2023-08-20,CUST568,Female,61,Beauty,3,300,900
130,2023-08-20,CUST423,Male,63,Electronics,2,500,1000
99,2023-08-21,CUST656,Female,29,Electronics,4,30,120
673,2023-08-21,CUST667,Male,51,Beauty,1,50,50
920,2023-08-21,CUST639,Female,36,Electronics,3,300,900
782,2023-08-21,CUST103,Male,24,Clothing,3,30,90
616,2023-08-22,CUST511,Male,47,Beauty,2,30,60
569,2023-08-23,CUST220,Male,34,Beauty,2,300,600
600,2023-08-23,CUST539,Male,30,Beauty,3,50,150
26,2023-08-24,CUST084,Female,64,Clothing,1,300,300
984,2023-08-25,CUST575,Male,37,Beauty,2,50,100
934,2023-08-25,CUST224,Female,41,Beauty,4,50,200
824,2023-08-26,CUST105,Male,40,Electronics,4,30,120
771,2023-08-26,CUST232,Female,28,Electronics,2,50,100
244,2023-08-26,CUST671,Male,31,Beauty,1,50,50
502,2023-08-26,CUST158,Female,21,Clothing,3,300,900
3,2023-08-27,CUST439,Female,63,Electronics,1,500,500
123,2023-08-27,CUST431,Female,46,Electronics,4,50,200
986,2023-08-27,CUST217,Female,21,Beauty,1,30,30
652,2023-08-27,CUST517,Female,43,Electronics,4,30,120
842,2023-08-28,CUST699,Female,28,Electronics,1,50,50
730,2023-08-29,CUST290,Male,62,Beauty,3,50,150
316,2023-08-29,CUST396,Male,37,Electronics,2,500,1000
446,2023-08-30,CUST249,Female,57,Beauty,2,50,100
372,2023-08-30,CUST517,Male,22,Beauty,1,25,25
255,2023-08-30,CUST242,Male,27,Electronics,2,30,60
156,2023-08-30,CUST601,Female,30,Clothing,1,500,500
237,2023-08-31,CUST391,Female,57,Beauty,4,30,120
819,2023-08-31,CUST275,Female,50,Electronics,3,300,900
822,2023-08-31,CUST493,Female,42,Clothing,3,25,75
108,2023-08-31,CUST665,Female,42,Beauty,4,30,120
162,2023-08-31,CUST019,Male,53,Electronics,2,500,1000
479,2023-08-31,CUST066,Female,55,Clothing,4,50,200
122,2023-09-01,CUST432,Female,51,Clothing,4,500,2000
311,2023-09-01,CUST637,Male,59,Beauty,3,50,150
859,2023-09-02,CUST240,Male,22,Electronics,2,50,100
641,2023-09-02,CUST527,Male,47,Clothing,4,300,1200
736,2023-09-02,CUST390,Female,30,Beauty,2,25,50
283,2023-09-02,CUST578,Female,51,Clothing,1,500,500
80,2023-09-02,CUST357,Female,32,Clothing,4,50,200
312,2023-09-03,CUST648,Male,21,Beauty,4,30,120
711,2023-09-05,CUST192,Male,30,Electronics,2,50,100
49,2023-09-05,CUST204,Male,55,Electronics,2,30,60
257,2023-09-05,CUST042,Female,60,Clothing,2,25,50
416,2023-09-05,CUST161,Male,49,Electronics,2,50,100
550,2023-09-06,CUST528,Female,55,Beauty,4,50,200
827,2023-09-06,CUST107,Female,31,Clothing,1,30,30
60,2023-09-07,CUST442,Male,40,Clothing,3,30,90
191,2023-09-07,CUST513,Female,40,Beauty,2,25,50
98,2023-09-07,CUST224,Female,23,Clothing,1,30,30
813,2023-09-07,CUST210,Male,22,Clothing,3,300,900
615,2023-09-08,CUST400,Male,55,Electronics,3,500,1500
788,2023-09-08,CUST427,Male,42,Clothing,1,25,25
636,2023-09-08,CUST418,Male,31,Clothing,4,50,200
75,2023-09-08,CUST101,Female,51,Electronics,2,300,600
587,2023-09-09,CUST157,Female,56,Electronics,1,50,50
941,2023-09-10,CUST179,Female,47,Beauty,3,50,150
422,2023-09-11,CUST680,Male,58,Electronics,4,500,2000
666,2023-09-11,CUST324,Male,37,Electronics,4,50,200
866,2023-09-12,CUST394,Female,41,Clothing,3,300,900
8,2023-09-12,CUST580,Female,48,Electronics,3,50,150
175,2023-09-12,CUST144,Male,23,Clothing,2,500,1000
184,2023-09-12,CUST625,Female,33,Clothing,4,25,100
875,2023-09-12,CUST498,Male,31,Electronics,1,300,300
932,2023-09-13,CUST380,Female,22,Clothing,3,25,75
43,2023-09-13,CUST279,Male,46,Electronics,4,50,200
86,2023-09-13,CUST238,Female,59,Clothing,3,30,90
204,2023-09-13,CUST467,Male,24,Electronics,1,30,30
223,2023-09-14,CUST644,Female,36,Beauty,4,300,1200
982,2023-09-14,CUST553,Female,64,Beauty,4,25,100
110,2023-09-15,CUST200,Female,31,Clothing,2,30,60
906,2023-09-16,CUST104,Male,62,Beauty,3,300,900
541,2023-09-16,CUST199,Female,48,Beauty,3,50,150
892,2023-09-17,CUST293,Male,59,Electronics,3,500,1500
212,2023-09-19,CUST101,Female,18,Electronics,3,50,150
774,2023-09-19,CUST017,Female,64,Clothing,4,25,100
430,2023-09-19,CUST602,Male,58,Electronics,4,50,200
15,2023-09-19,CUST461,Female,38,Clothing,2,50,100
177,2023-09-19,CUST140,Female,53,Electronics,2,300,600
236,2023-09-20,CUST602,Female,25,Electronics,1,300,300
395,2023-09-20,CUST380,Female,45,Electronics,3,50,150
697,2023-09-21,CUST053,Female,42,Beauty,1,30,30
793,2023-09-21,CUST274,Female,52,Clothing,4,30,120
174,2023-09-21,CUST234,Male,36,Electronics,2,50,100
727,2023-09-21,CUST366,Female,18,Clothing,1,25,25
225,2023-09-21,CUST370,Male,42,Beauty,4,50,200
676,2023-09-22,CUST190,Female,19,Electronics,2,50,100
461,2023-09-22,CUST629,Male,43,Clothing,1,50,50
681,2023-09-22,CUST133,Male,34,Electronics,2,300,600
713,2023-09-23,CUST325,Female,35,Clothing,4,500,2000
318,2023-09-23,CUST075,Female,59,Clothing,2,30,60
737,2023-09-24,CUST210,Male,25,Beauty,1,30,30
760,2023-09-24,CUST001,Female,37,Electronics,3,300,900
317,2023-09-24,CUST376,Female,49,Electronics,4,300,1200
731,2023-09-24,CUST584,Female,44,Beauty,4,50,200
13,2023-09-26,CUST419,Female,52,Beauty,3,25,75
377,2023-09-26,CUST120,Male,46,Clothing,2,50,100
886,2023-09-26,CUST570,Male,26,Beauty,1,30,30
557,2023-09-26,CUST071,Male,56,Electronics,1,300,300
215,2023-09-26,CUST562,Female,29,Electronics,3,300,900
631,2023-09-26,CUST333,Male,32,Electronics,1,50,50
662,2023-09-26,CUST156,Female,40,Electronics,3,50,150
471,2023-09-27,CUST415,Male,52,Beauty,2,25,50
739,2023-09-27,CUST157,Male,49,Beauty,2,50,100
805,2023-09-27,CUST215,Male,53,Electronics,3,30,90
603,2023-09-27,CUST007,Male,30,Electronics,2,30,60
432,2023-09-27,CUST159,Female,57,Clothing,1,300,300
757,2023-09-27,CUST231,Female,24,Electronics,3,300,900
62,2023-09-29,CUST434,Female,20,Beauty,1,30,30
878,2023-09-29,CUST171,Male,41,Electronics,2,30,60
59,2023-09-29,CUST179,Female,63,Clothing,1,30,30
512,2023-09-30,CUST558,Female,34,Clothing,3,50,150
378,2023-09-30,CUST179,Male,46,Clothing,2,50,100
391,2023-09-30,CUST126,Female,64,Clothing,1,30,30
463,2023-10-01,CUST495,Male,27,Beauty,3,300,900
895,2023-10-01,CUST377,Female,52,Electronics,2,300,600
360,2023-10-01,CUST239,Female,20,Clothing,4,50,200
493,2023-10-02,CUST124,Male,27,Electronics,3,50,150
42,2023-10-04,CUST115,Male,42,Clothing,3,30,90
234,2023-10-04,CUST139,Male,35,Clothing,2,25,50
247,2023-10-04,CUST409,Female,24,Clothing,2,300,600
14,2023-10-05,CUST658,Female,41,Beauty,2,50,100
51,2023-10-05,CUST304,Male,64,Clothing,2,500,1000
714,2023-10-06,CUST462,Female,55,Clothing,2,30,60
207,2023-10-06,CUST494,Female,64,Electronics,4,500,2000
742,2023-10-06,CUST435,Female,35,Clothing,2,30,60
657,2023-10-07,CUST581,Female,55,Beauty,1,50,50
128,2023-10-07,CUST362,Female,26,Beauty,1,300,300
423,2023-10-07,CUST052,Male,26,Clothing,4,300,1200
489,2023-10-07,CUST602,Male,18,Clothing,3,50,150
320,2023-10-08,CUST158,Male,20,Beauty,1,25,25
89,2023-10-08,CUST097,Male,24,Beauty,4,25,100
645,2023-10-09,CUST427,Female,23,Clothing,1,500,500
864,2023-10-09,CUST146,Female,45,Beauty,3,50,150
370,2023-10-09,CUST200,Male,26,Beauty,3,25,75
173,2023-10-09,CUST607,Female,64,Electronics,3,50,150
911,2023-10-09,CUST138,Female,20,Electronics,4,30,120
734,2023-10-10,CUST287,Female,44,Electronics,2,500,1000
2,2023-10-10,CUST024,Female,37,Electronics,4,300,1200
836,2023-10-11,CUST598,Female,43,Electronics,3,300,900
402,2023-10-11,CUST482,Female,59,Beauty,1,300,300
815,2023-10-11,CUST415,Male,39,Beauty,3,30,90
112,2023-10-12,CUST485,Male,55,Electronics,2,500,1000
107,2023-10-12,CUST531,Male,24,Electronics,1,500,500
210,2023-10-12,CUST023,Female,61,Clothing,3,30,90
602,2023-10-12,CUST698,Female,18,Clothing,4,300,1200
50,2023-10-12,CUST638,Male,41,Clothing,2,300,600
598,2023-10-12,CUST475,Male,37,Electronics,1,300,300
766,2023-10-12,CUST385,Female,51,Electronics,1,50,50
806,2023-10-13,CUST105,Female,51,Electronics,4,500,2000
690,2023-10-13,CUST147,Female,63,Electronics,3,30,90
278,2023-10-13,CUST576,Female,55,Beauty,4,25,100
25,2023-10-13,CUST610,Male,23,Beauty,2,30,60
725,2023-10-14,CUST151,Male,59,Beauty,2,25,50
613,2023-10-14,CUST448,Female,39,Clothing,4,300,1200
160,2023-10-14,CUST648,Male,21,Clothing,1,500,500
955,2023-10-14,CUST476,Male,48,Clothing,2,50,100
918,2023-10-14,CUST174,Male,22,Clothing,2,500,1000
16,2023-10-14,CUST656,Male,56,Beauty,1,30,30
476,2023-10-14,CUST371,Male,52,Clothing,2,30,60
213,2023-10-15,CUST323,Female,41,Electronics,2,50,100
249,2023-10-15,CUST630,Male,36,Electronics,4,30,120
990,2023-10-15,CUST394,Male,29,Clothing,4,50,200
106,2023-10-15,CUST450,Female,34,Electronics,2,50,100
639,2023-10-17,CUST076,Female,55,Beauty,3,25,75
559,2023-10-17,CUST369,Female,22,Clothing,4,25,100
261,2023-10-17,CUST695,Male,27,Electronics,1,50,50
745,2023-10-18,CUST012,Female,25,Clothing,3,30,90
135,2023-10-18,CUST508,Female,18,Beauty,4,50,200
692,2023-10-18,CUST411,Female,41,Clothing,1,300,300
71,2023-10-18,CUST636,Male,32,Clothing,1,50,50
105,2023-10-18,CUST077,Female,31,Electronics,1,300,300
484,2023-10-18,CUST591,Female,26,Clothing,1,30,30
716,2023-10-19,CUST302,Male,38,Clothing,3,30,90
860,2023-10-20,CUST488,Female,60,Beauty,4,30,120
686,2023-10-20,CUST307,Male,48,Electronics,3,30,90
596,2023-10-20,CUST247,Male,54,Clothing,1,30,30
852,2023-10-20,CUST413,Female,44,Electronics,3,30,90
591,2023-10-20,CUST058,Male,23,Beauty,3,25,75
551,2023-10-21,CUST421,Female,34,Electronics,1,50,50
103,2023-10-21,CUST170,Male,48,Electronics,1,30,30
92,2023-10-21,CUST263,Female,40,Clothing,1,30,30
654,2023-10-21,CUST326,Male,30,Beauty,1,50,50
428,2023-10-21,CUST098,Female,53,Electronics,2,500,1000
472,2023-10-21,CUST322,Male,63,Beauty,4,50,200
291,2023-10-22,CUST580,Male,49,Beauty,1,30,30
336,2023-10-23,CUST050,Male,24,Clothing,2,30,60
227,2023-10-23,CUST218,Female,18,Beauty,2,50,100
837,2023-10-23,CUST614,Female,36,Beauty,1,25,25
885,2023-10-24,CUST092,Male,56,Electronics,1,30,30
166,2023-10-25,CUST054,Female,36,Electronics,3,50,150
514,2023-10-26,CUST608,Male,30,Electronics,4,30,120
741,2023-10-26,CUST525,Male,24,Electronics,2,30,60
849,2023-10-27,CUST423,Male,21,Clothing,1,300,300
867,2023-10-27,CUST502,Male,51,Beauty,2,50,100
149,2023-10-27,CUST259,Male,31,Electronics,4,500,2000
28,2023-10-28,CUST068,Female,63,Electronics,2,300,600
794,2023-10-29,CUST682,Male,32,Clothing,2,300,600
605,2023-10-29,CUST426,Male,21,Beauty,1,300,300
302,2023-10-29,CUST695,Male,31,Clothing,3,30,90
524,2023-10-29,CUST643,Female,33,Clothing,4,25,100
433,2023-10-29,CUST233,Male,35,Clothing,4,30,120
482,2023-10-30,CUST066,Female,27,Electronics,2,30,60
38,2023-10-30,CUST384,Male,43,Beauty,3,25,75
553,2023-10-30,CUST459,Male,41,Beauty,1,300,300
334,2023-10-30,CUST626,Male,27,Electronics,4,500,2000
545,2023-10-31,CUST153,Male,36,Beauty,2,25,50
84,2023-10-31,CUST306,Female,43,Clothing,4,30,120
388,2023-10-31,CUST690,Female,43,Beauty,1,50,50
90,2023-10-31,CUST369,Female,33,Beauty,4,30,120
101,2023-10-31,CUST385,Male,39,Clothing,1,30,30
611,2023-11-01,CUST194,Male,20,Beauty,1,50,50
582,2023-11-01,CUST585,Male,28,Electronics,4,500,2000
816,2023-11-02,CUST041,Male,59,Electronics,2,30,60
868,2023-11-02,CUST617,Male,19,Beauty,2,300,600
589,2023-11-02,CUST565,Male,22,Clothing,3,300,900
19,2023-11-03,CUST546,Female,39,Beauty,1,50,50
963,2023-11-03,CUST580,Male,46,Beauty,4,50,200
513,2023-11-03,CUST634,Male,40,Clothing,1,25,25
459,2023-11-03,CUST362,Male,22,Clothing,1,500,500
590,2023-11-04,CUST592,Male,44,Clothing,2,500,1000
93,2023-11-04,CUST033,Male,37,Clothing,2,300,600
865,2023-11-05,CUST639,Female,29,Clothing,4,300,1200
723,2023-11-05,CUST479,Male,56,Electronics,4,500,2000
775,2023-11-05,CUST345,Female,22,Beauty,2,30,60
361,2023-11-05,CUST458,Female,20,Electronics,1,500,500
650,2023-11-06,CUST686,Female,51,Electronics,2,300,600
477,2023-11-06,CUST180,Male,63,Clothing,4,50,200
780,2023-11-07,CUST089,Male,29,Clothing,1,50,50
882,2023-11-07,CUST690,Male,21,Beauty,4,25,100
297,2023-11-07,CUST004,Male,30,Beauty,2,25,50
856,2023-11-07,CUST412,Female,56,Beauty,3,50,150
560,2023-11-07,CUST095,Male,63,Electronics,3,50,150
835,2023-11-08,CUST179,Male,61,Electronics,4,30,120
146,2023-11-08,CUST525,Female,32,Electronics,2,300,600
643,2023-11-08,CUST472,Female,37,Electronics,4,500,2000
151,2023-11-09,CUST111,Male,46,Clothing,2,300,600
125,2023-11-09,CUST081,Male,21,Electronics,4,50,200
232,2023-11-09,CUST346,Female,50,Beauty,4,25,100
6,2023-11-10,CUST665,Male,18,Electronics,4,50,200
37,2023-11-10,CUST640,Female,21,Clothing,3,500,1500
610,2023-11-10,CUST084,Female,18,Beauty,2,50,100
668,2023-11-11,CUST578,Male,40,Clothing,1,25,25
829,2023-11-12,CUST083,Male,43,Beauty,4,50,200
427,2023-11-12,CUST579,Female,45,Beauty,2,30,60
492,2023-11-13,CUST548,Female,51,Electronics,1,300,300
504,2023-11-13,CUST507,Female,42,Beauty,4,25,100
921,2023-11-15,CUST103,Male,33,Electronics,4,500,2000
558,2023-11-16,CUST182,Male,53,Beauty,4,30,120
396,2023-11-16,CUST023,Male,20,Electronics,3,500,1500
812,2023-11-17,CUST454,Female,49,Electronics,1,50,50
781,2023-11-17,CUST136,Female,42,Clothing,4,25,100
517,2023-11-18,CUST368,Male,18,Electronics,2,30,60
904,2023-11-19,CUST543,Female,63,Clothing,3,25,75
375,2023-11-20,CUST519,Male,35,Electronics,2,300,600
565,2023-11-21,CUST065,Male,31,Clothing,4,300,1200
35,2023-11-21,CUST015,Male,57,Beauty,2,25,50
389,2023-11-22,CUST347,Male,29,Beauty,2,30,60
362,2023-11-22,CUST560,Female,52,Electronics,4,300,1200
48,2023-11-22,CUST438,Female,35,Beauty,1,300,300
358,2023-11-22,CUST522,Male,31,Electronics,2,500,1000
579,2023-11-23,CUST318,Male,47,Clothing,2,500,1000
364,2023-11-23,CUST597,Male,26,Clothing,4,500,2000
740,2023-11-24,CUST026,Male,39,Beauty,3,300,900
95,2023-11-24,CUST311,Male,63,Beauty,4,300,1200
828,2023-11-24,CUST471,Male,36,Clothing,3,50,150
304,2023-11-24,CUST294,Female,27,Clothing,1,30,30
179,2023-11-25,CUST061,Female,36,Beauty,2,25,50
592,2023-11-26,CUST406,Female,48,Clothing,1,30,30
220,2023-11-26,CUST246,Female,28,Electronics,1,50,50
67,2023-11-27,CUST369,Male,18,Electronics,4,500,2000
345,2023-11-27,CUST200,Male,52,Beauty,2,50,100
202,2023-11-28,CUST288,Female,31,Clothing,3,500,1500
843,2023-11-28,CUST388,Male,58,Clothing,1,50,50
840,2023-11-29,CUST496,Female,38,Clothing,4,500,2000
943,2023-11-30,CUST140,Female,44,Beauty,4,300,1200
529,2023-12-01,CUST019,Female,55,Electronics,2,30,60
642,2023-12-01,CUST202,Male,54,Electronics,1,500,500
324,2023-12-01,CUST278,Female,60,Electronics,2,300,600
153,2023-12-01,CUST183,Female,24,Electronics,4,30,120
669,2023-12-02,CUST531,Male,31,Electronics,3,50,150
969,2023-12-02,CUST135,Female,18,Electronics,1,300,300
804,2023-12-02,CUST651,Female,56,Beauty,4,25,100
715,2023-12-02,CUST670,Female,24,Beauty,1,50,50
530,2023-12-03,CUST051,Male,20,Clothing,3,25,75
733,2023-12-03,CUST590,Female,31,Beauty,4,30,120
61,2023-12-03,CUST377,Male,40,Beauty,1,25,25
452,2023-12-04,CUST518,Female,55,Beauty,2,25,50
527,2023-12-04,CUST411,Male,32,Electronics,1,30,30
577,2023-12-04,CUST405,Male,61,Clothing,1,300,300
586,2023-12-04,CUST518,Female,19,Electronics,3,30,90
264,2023-12-04,CUST348,Female,63,Beauty,4,300,1200
862,2023-12-05,CUST416,Female,42,Clothing,4,300,1200
438,2023-12-05,CUST009,Male,61,Beauty,4,50,200
421,2023-12-05,CUST560,Female,51,Beauty,3,50,150
499,2023-12-05,CUST693,Male,45,Electronics,1,30,30
24,2023-12-05,CUST294,Female,51,Clothing,2,25,50
693,2023-12-06,CUST620,Female,35,Electronics,4,30,120
722,2023-12-06,CUST290,Male,40,Beauty,4,50,200
491,2023-12-07,CUST332,Female,23,Clothing,1,25,25
470,2023-12-07,CUST191,Male,25,Beauty,3,300,900
680,2023-12-08,CUST032,Female,31,Beauty,1,50,50
764,2023-12-08,CUST066,Female,60,Electronics,1,300,300
348,2023-12-08,CUST330,Female,34,Electronics,1,30,30
409,2023-12-08,CUST392,Female,43,Beauty,2,50,100
382,2023-12-08,CUST664,Male,19,Clothing,1,300,300
754,2023-12-08,CUST192,Male,18,Clothing,4,30,120
319,2023-12-09,CUST534,Male,43,Clothing,4,30,120
181,2023-12-09,CUST598,Male,38,Beauty,3,25,75
286,2023-12-09,CUST402,Female,56,Clothing,4,50,200
936,2023-12-10,CUST199,Male,25,Electronics,3,500,1500
81,2023-12-10,CUST222,Female,34,Clothing,4,50,200
694,2023-12-12,CUST163,Female,52,Electronics,4,50,200
949,2023-12-12,CUST654,Male,45,Clothing,2,500,1000
383,2023-12-12,CUST272,Female,29,Electronics,2,500,1000
926,2023-12-12,CUST071,Male,50,Clothing,1,50,50
965,2023-12-13,CUST520,Male,20,Electronics,4,30,120
640,2023-12-13,CUST646,Male,57,Electronics,4,300,1200
571,2023-12-13,CUST533,Female,50,Electronics,3,500,1500
763,2023-12-13,CUST137,Male,42,Clothing,1,50,50
340,2023-12-14,CUST327,Female,45,Clothing,3,500,1500
671,2023-12-14,CUST247,Male,21,Clothing,1,25,25
776,2023-12-14,CUST659,Female,57,Clothing,1,25,25
448,2023-12-15,CUST287,Female,38,Electronics,1,300,300
293,2023-12-15,CUST238,Male,31,Clothing,2,30,60
274,2023-12-16,CUST325,Female,56,Electronics,2,50,100
684,2023-12-16,CUST303,Female,48,Beauty,1,50,50
649,2023-12-17,CUST681,Female,43,Clothing,2,500,1000
195,2023-12-17,CUST259,Male,52,Electronics,3,300,900
451,2023-12-17,CUST178,Female,54,Clothing,4,50,200
751,2023-12-17,CUST616,Female,48,Beauty,1,50,50
515,2023-12-17,CUST356,Female,31,Clothing,4,30,120
683,2023-12-17,CUST267,Female,58,Beauty,3,25,75
999,2023-12-18,CUST527,Male,24,Clothing,3,300,900
853,2023-12-18,CUST179,Female,29,Beauty,1,25,25
503,2023-12-18,CUST025,Female,52,Beauty,4,30,120
200,2023-12-18,CUST665,Male,38,Beauty,1,30,30
337,2023-12-18,CUST517,Female,63,Electronics,4,300,1200
609,2023-12-19,CUST425,Male,30,Electronics,4,300,1200
466,2023-12-19,CUST388,Female,44,Clothing,1,300,300
355,2023-12-20,CUST549,Female,61,Beauty,2,300,600
797,2023-12-20,CUST608,Male,58,Beauty,3,50,150
208,2023-12-20,CUST527,Female,28,Electronics,4,500,2000
64,2023-12-20,CUST447,Male,18,Clothing,3,25,75
417,2023-12-20,CUST247,Male,56,Beauty,2,50,100
861,2023-12-20,CUST360,Female,48,Electronics,1,300,300
404,2023-12-21,CUST373,Female,29,Clothing,4,500,2000
46,2023-12-21,CUST258,Male,23,Clothing,1,500,500
959,2023-12-21,CUST428,Male,63,Electronics,4,30,120
325,2023-12-22,CUST638,Female,40,Electronics,4,50,200
441,2023-12-22,CUST362,Female,25,Beauty,2,300,600
947,2023-12-22,CUST183,Male,51,Electronics,2,30,60
12,2023-12-23,CUST038,Female,44,Electronics,4,300,1200
851,2023-12-24,CUST119,Male,32,Electronics,4,300,1200
914,2023-12-24,CUST110,Female,64,Electronics,3,300,900
894,2023-12-24,CUST227,Female,27,Beauty,1,25,25
594,2023-12-24,CUST439,Female,48,Beauty,3,50,150
141,2023-12-25,CUST264,Male,26,Electronics,3,50,150
555,2023-12-26,CUST388,Male,47,Beauty,3,30,90
772,2023-12-27,CUST156,Female,19,Clothing,4,30,120
347,2023-12-28,CUST348,Female,19,Clothing,1,300,300
265,2023-12-28,CUST583,Female,42,Electronics,3,300,900
145,2023-12-29,CUST448,Male,28,Clothing,1,300,300
356,2023-12-29,CUST572,Male,44,Clothing,4,50,200
161,2023-12-30,CUST267,Male,20,Beauty,2,25,50
810,2023-12-30,CUST266,Female,35,Electronics,4,300,1200
511,2023-12-30,CUST284,Male,35,Electronics,2,500,1000
691,2023-12-30,CUST260,Male,59,Clothing,1,50,50
820,2023-12-31,CUST397,Male,56,Electronics,4,500,2000
401,2023-12-31,CUST596,Female,53,Clothing,2,500,1000
